Plot Title: 360_12-4_RAT,,,,
#,"Date Time, GMT-04:00",OAD,Host Connected (LGR S/N: 10889100),End Of File (LGR S/N: 10889100)
1,10/5/17 14:00,71.231,,
2,10/5/17 14:15,71.274,,
3,10/5/17 14:30,71.274,,
4,10/5/17 14:45,71.317,,
5,10/5/17 15:00,71.361,,
6,10/5/17 15:15,71.447,,
7,10/5/17 15:30,71.49,,
8,10/5/17 15:45,71.533,,
9,10/5/17 16:00,71.577,,
10,10/5/17 16:15,71.533,,
11,10/5/17 16:30,71.533,,
12,10/5/17 16:45,71.577,,
13,10/5/17 17:00,72.567,,
14,10/5/17 17:15,74.338,,
15,10/5/17 17:30,75.204,,
16,10/5/17 17:45,75.681,,
17,10/5/17 18:00,75.985,,
18,10/5/17 18:15,76.114,,
19,10/5/17 18:30,76.203,,
20,10/5/17 18:45,76.246,,
21,10/5/17 19:00,76.289,,
22,10/5/17 19:15,76.203,,
23,10/5/17 19:30,76.158,,
24,10/5/17 19:45,76.071,,
25,10/5/17 20:00,75.985,,
26,10/5/17 20:15,75.898,,
27,10/5/17 20:30,75.853,,
28,10/5/17 20:45,75.767,,
29,10/5/17 21:00,75.724,,
30,10/5/17 21:15,75.637,,
31,10/5/17 21:30,75.594,,
32,10/5/17 21:45,75.594,,
33,10/5/17 22:00,75.551,,
34,10/5/17 22:15,75.117,,
35,10/5/17 22:30,75.16,,
36,10/5/17 22:45,74.943,,
37,10/5/17 23:00,74.727,,
38,10/5/17 23:15,74.597,,
39,10/5/17 23:30,74.597,,
40,10/5/17 23:45,74.467,,
41,10/6/17 0:00,74.381,,
42,10/6/17 0:15,74.295,,
43,10/6/17 0:30,74.206,,
44,10/6/17 0:45,74.12,,
45,10/6/17 1:00,74.077,,
46,10/6/17 1:15,74.034,,
47,10/6/17 1:30,73.99,,
48,10/6/17 1:45,73.947,,
49,10/6/17 2:00,73.904,,
50,10/6/17 2:15,73.818,,
51,10/6/17 2:30,73.731,,
52,10/6/17 2:45,73.688,,
53,10/6/17 3:00,73.645,,
54,10/6/17 3:15,73.645,,
55,10/6/17 3:30,73.602,,
56,10/6/17 3:45,73.602,,
57,10/6/17 4:00,73.515,,
58,10/6/17 4:15,73.515,,
59,10/6/17 4:30,73.515,,
60,10/6/17 4:45,73.472,,
61,10/6/17 5:00,73.429,,
62,10/6/17 5:15,73.429,,
63,10/6/17 5:30,73.386,,
64,10/6/17 5:45,73.386,,
65,10/6/17 6:00,73.083,,
66,10/6/17 6:15,72.48,,
67,10/6/17 6:30,72.136,,
68,10/6/17 6:45,71.964,,
69,10/6/17 7:00,71.877,,
70,10/6/17 7:15,71.791,,
71,10/6/17 7:30,71.748,,
72,10/6/17 7:45,71.704,,
73,10/6/17 8:00,71.661,,
74,10/6/17 8:15,71.577,,
75,10/6/17 8:30,71.49,,
76,10/6/17 8:45,71.447,,
77,10/6/17 9:00,71.447,,
78,10/6/17 9:15,71.49,,
79,10/6/17 9:30,71.49,,
80,10/6/17 9:45,71.533,,
81,10/6/17 10:00,71.533,,
82,10/6/17 10:15,71.577,,
83,10/6/17 10:30,71.533,,
84,10/6/17 10:45,71.49,,
85,10/6/17 11:00,71.533,,
86,10/6/17 11:15,71.577,,
87,10/6/17 11:30,71.577,,
88,10/6/17 11:45,71.533,,
89,10/6/17 12:00,71.49,,
90,10/6/17 12:15,71.49,,
91,10/6/17 12:30,71.447,,
92,10/6/17 12:45,71.533,,
93,10/6/17 13:00,71.533,,
94,10/6/17 13:15,71.533,,
95,10/6/17 13:30,71.533,,
96,10/6/17 13:45,71.577,,
97,10/6/17 14:00,71.661,,
98,10/6/17 14:15,71.791,,
99,10/6/17 14:30,71.877,,
100,10/6/17 14:45,71.92,,
101,10/6/17 15:00,71.877,,
102,10/6/17 15:15,71.877,,
103,10/6/17 15:30,71.834,,
104,10/6/17 15:45,71.834,,
105,10/6/17 16:00,71.834,,
106,10/6/17 16:15,71.834,,
107,10/6/17 16:30,71.834,,
108,10/6/17 16:45,71.834,,
109,10/6/17 17:00,71.791,,
110,10/6/17 17:15,71.748,,
111,10/6/17 17:30,71.834,,
112,10/6/17 17:45,72.05,,
113,10/6/17 18:00,72.394,,
114,10/6/17 18:15,72.696,,
115,10/6/17 18:30,72.912,,
116,10/6/17 18:45,73.04,,
117,10/6/17 19:00,73.213,,
118,10/6/17 19:15,73.515,,
119,10/6/17 19:30,73.818,,
120,10/6/17 19:45,74.077,,
121,10/6/17 20:00,74.295,,
122,10/6/17 20:15,74.467,,
123,10/6/17 20:30,74.77,,
124,10/6/17 20:45,74.986,,
125,10/6/17 21:00,75.16,,
126,10/6/17 21:15,75.29,,
127,10/6/17 21:30,75.42,,
128,10/6/17 21:45,75.42,,
129,10/6/17 22:00,75.508,,
130,10/6/17 22:15,75.551,,
131,10/6/17 22:30,75.551,,
132,10/6/17 22:45,75.594,,
133,10/6/17 23:00,75.594,,
134,10/6/17 23:15,75.594,,
135,10/6/17 23:30,75.551,,
136,10/6/17 23:45,75.594,,
137,10/7/17 0:00,75.594,,
138,10/7/17 0:15,75.594,,
139,10/7/17 0:30,75.594,,
140,10/7/17 0:45,75.594,,
141,10/7/17 1:00,75.551,,
142,10/7/17 1:15,75.508,,
143,10/7/17 1:30,75.463,,
144,10/7/17 1:45,75.42,,
145,10/7/17 2:00,75.376,,
146,10/7/17 2:15,75.29,,
147,10/7/17 2:30,75.117,,
148,10/7/17 2:45,74.986,,
149,10/7/17 3:00,74.813,,
150,10/7/17 3:15,74.683,,
151,10/7/17 3:30,74.64,,
152,10/7/17 3:45,74.597,,
153,10/7/17 4:00,74.64,,
154,10/7/17 4:15,74.683,,
155,10/7/17 4:30,74.64,,
156,10/7/17 4:45,74.554,,
157,10/7/17 5:00,74.467,,
158,10/7/17 5:15,74.381,,
159,10/7/17 5:30,74.338,,
160,10/7/17 5:45,74.295,,
161,10/7/17 6:00,74.295,,
162,10/7/17 6:15,74.25,,
163,10/7/17 6:30,74.25,,
164,10/7/17 6:45,74.206,,
165,10/7/17 7:00,74.206,,
166,10/7/17 7:15,74.163,,
167,10/7/17 7:30,74.163,,
168,10/7/17 7:45,74.12,,
169,10/7/17 8:00,74.12,,
170,10/7/17 8:15,74.077,,
171,10/7/17 8:30,74.077,,
172,10/7/17 8:45,74.034,,
173,10/7/17 9:00,74.034,,
174,10/7/17 9:15,74.034,,
175,10/7/17 9:30,73.99,,
176,10/7/17 9:45,73.99,,
177,10/7/17 10:00,73.99,,
178,10/7/17 10:15,73.99,,
179,10/7/17 10:30,73.947,,
180,10/7/17 10:45,73.947,,
181,10/7/17 11:00,73.947,,
182,10/7/17 11:15,73.99,,
183,10/7/17 11:30,74.034,,
184,10/7/17 11:45,74.077,,
185,10/7/17 12:00,74.163,,
186,10/7/17 12:15,74.338,,
187,10/7/17 12:30,74.467,,
188,10/7/17 12:45,74.683,,
189,10/7/17 13:00,74.856,,
190,10/7/17 13:15,75.029,,
191,10/7/17 13:30,75.29,,
192,10/7/17 13:45,75.551,,
193,10/7/17 14:00,75.724,,
194,10/7/17 14:15,76.028,,
195,10/7/17 14:30,76.071,,
196,10/7/17 14:45,75.942,,
197,10/7/17 15:00,75.767,,
198,10/7/17 15:15,75.551,,
199,10/7/17 15:30,75.333,,
200,10/7/17 15:45,75.333,,
201,10/7/17 16:00,75.247,,
202,10/7/17 16:15,75.204,,
203,10/7/17 16:30,75.247,,
204,10/7/17 16:45,75.204,,
205,10/7/17 17:00,75.204,,
206,10/7/17 17:15,75.29,,
207,10/7/17 17:30,75.333,,
208,10/7/17 17:45,75.376,,
209,10/7/17 18:00,75.42,,
210,10/7/17 18:15,75.376,,
211,10/7/17 18:30,75.376,,
212,10/7/17 18:45,75.376,,
213,10/7/17 19:00,75.376,,
214,10/7/17 19:15,75.376,,
215,10/7/17 19:30,75.333,,
216,10/7/17 19:45,75.333,,
217,10/7/17 20:00,75.333,,
218,10/7/17 20:15,75.333,,
219,10/7/17 20:30,75.333,,
220,10/7/17 20:45,75.333,,
221,10/7/17 21:00,75.333,,
222,10/7/17 21:15,75.333,,
223,10/7/17 21:30,75.29,,
224,10/7/17 21:45,75.29,,
225,10/7/17 22:00,75.333,,
226,10/7/17 22:15,75.29,,
227,10/7/17 22:30,75.333,,
228,10/7/17 22:45,75.333,,
229,10/7/17 23:00,75.333,,
230,10/7/17 23:15,75.333,,
231,10/7/17 23:30,75.333,,
232,10/7/17 23:45,75.333,,
233,10/8/17 0:00,75.333,,
234,10/8/17 0:15,75.29,,
235,10/8/17 0:30,75.29,,
236,10/8/17 0:45,75.29,,
237,10/8/17 1:00,75.29,,
238,10/8/17 1:15,75.333,,
239,10/8/17 1:30,75.333,,
240,10/8/17 1:45,75.333,,
241,10/8/17 2:00,75.333,,
242,10/8/17 2:15,75.376,,
243,10/8/17 2:30,75.333,,
244,10/8/17 2:45,75.333,,
245,10/8/17 3:00,75.333,,
246,10/8/17 3:15,75.333,,
247,10/8/17 3:30,75.29,,
248,10/8/17 3:45,75.29,,
249,10/8/17 4:00,75.29,,
250,10/8/17 4:15,75.29,,
251,10/8/17 4:30,75.333,,
252,10/8/17 4:45,75.333,,
253,10/8/17 5:00,75.333,,
254,10/8/17 5:15,75.333,,
255,10/8/17 5:30,75.333,,
256,10/8/17 5:45,75.333,,
257,10/8/17 6:00,75.333,,
258,10/8/17 6:15,75.333,,
259,10/8/17 6:30,75.333,,
260,10/8/17 6:45,75.333,,
261,10/8/17 7:00,75.333,,
262,10/8/17 7:15,75.29,,
263,10/8/17 7:30,75.29,,
264,10/8/17 7:45,75.333,,
265,10/8/17 8:00,75.29,,
266,10/8/17 8:15,75.29,,
267,10/8/17 8:30,75.29,,
268,10/8/17 8:45,75.29,,
269,10/8/17 9:00,75.29,,
270,10/8/17 9:15,75.247,,
271,10/8/17 9:30,75.247,,
272,10/8/17 9:45,75.247,,
273,10/8/17 10:00,75.204,,
274,10/8/17 10:15,75.247,,
275,10/8/17 10:30,75.247,,
276,10/8/17 10:45,75.29,,
277,10/8/17 11:00,75.29,,
278,10/8/17 11:15,75.333,,
279,10/8/17 11:30,75.29,,
280,10/8/17 11:45,75.29,,
281,10/8/17 12:00,75.29,,
282,10/8/17 12:15,75.29,,
283,10/8/17 12:30,75.29,,
284,10/8/17 12:45,75.333,,
285,10/8/17 13:00,75.333,,
286,10/8/17 13:15,75.42,,
287,10/8/17 13:30,75.594,,
288,10/8/17 13:45,75.767,,
289,10/8/17 14:00,76.114,,
290,10/8/17 14:15,76.332,,
291,10/8/17 14:30,76.375,,
292,10/8/17 14:45,76.507,,
293,10/8/17 15:00,76.636,,
294,10/8/17 15:15,76.725,,
295,10/8/17 15:30,76.811,,
296,10/8/17 15:45,76.854,,
297,10/8/17 16:00,76.854,,
298,10/8/17 16:15,76.811,,
299,10/8/17 16:30,76.811,,
300,10/8/17 16:45,76.768,,
301,10/8/17 17:00,76.768,,
302,10/8/17 17:15,76.725,,
303,10/8/17 17:30,76.681,,
304,10/8/17 17:45,76.681,,
305,10/8/17 18:00,76.681,,
306,10/8/17 18:15,76.681,,
307,10/8/17 18:30,76.636,,
308,10/8/17 18:45,76.636,,
309,10/8/17 19:00,76.681,,
310,10/8/17 19:15,76.681,,
311,10/8/17 19:30,76.725,,
312,10/8/17 19:45,76.725,,
313,10/8/17 20:00,76.725,,
314,10/8/17 20:15,76.725,,
315,10/8/17 20:30,76.725,,
316,10/8/17 20:45,76.725,,
317,10/8/17 21:00,76.725,,
318,10/8/17 21:15,76.725,,
319,10/8/17 21:30,76.681,,
320,10/8/17 21:45,76.681,,
321,10/8/17 22:00,76.681,,
322,10/8/17 22:15,76.681,,
323,10/8/17 22:30,76.681,,
324,10/8/17 22:45,76.681,,
325,10/8/17 23:00,76.725,,
326,10/8/17 23:15,76.768,,
327,10/8/17 23:30,76.768,,
328,10/8/17 23:45,76.768,,
329,10/9/17 0:00,76.725,,
330,10/9/17 0:15,76.725,,
331,10/9/17 0:30,76.725,,
332,10/9/17 0:45,76.725,,
333,10/9/17 1:00,76.725,,
334,10/9/17 1:15,76.725,,
335,10/9/17 1:30,76.725,,
336,10/9/17 1:45,76.593,,
337,10/9/17 2:00,76.114,,
338,10/9/17 2:15,75.724,,
339,10/9/17 2:30,75.376,,
340,10/9/17 2:45,75.16,,
341,10/9/17 3:00,75.029,,
342,10/9/17 3:15,74.986,,
343,10/9/17 3:30,74.986,,
344,10/9/17 3:45,74.986,,
345,10/9/17 4:00,74.986,,
346,10/9/17 4:15,74.986,,
347,10/9/17 4:30,75.029,,
348,10/9/17 4:45,75.029,,
349,10/9/17 5:00,75.029,,
350,10/9/17 5:15,75.074,,
351,10/9/17 5:30,75.074,,
352,10/9/17 5:45,75.117,,
353,10/9/17 6:00,75.117,,
354,10/9/17 6:15,75.16,,
355,10/9/17 6:30,75.204,,
356,10/9/17 6:45,75.247,,
357,10/9/17 7:00,75.247,,
358,10/9/17 7:15,75.247,,
359,10/9/17 7:30,75.247,,
360,10/9/17 7:45,75.247,,
361,10/9/17 8:00,75.29,,
362,10/9/17 8:15,75.29,,
363,10/9/17 8:30,75.29,,
364,10/9/17 8:45,75.333,,
365,10/9/17 9:00,75.333,,
366,10/9/17 9:15,75.333,,
367,10/9/17 9:30,75.376,,
368,10/9/17 9:45,75.376,,
369,10/9/17 10:00,75.42,,
370,10/9/17 10:15,75.42,,
371,10/9/17 10:30,75.463,,
372,10/9/17 10:45,75.463,,
373,10/9/17 11:00,75.463,,
374,10/9/17 11:15,75.463,,
375,10/9/17 11:30,75.463,,
376,10/9/17 11:45,75.463,,
377,10/9/17 12:00,75.508,,
378,10/9/17 12:15,75.463,,
379,10/9/17 12:30,75.508,,
380,10/9/17 12:45,75.508,,
381,10/9/17 13:00,75.508,,
382,10/9/17 13:15,75.508,,
383,10/9/17 13:30,75.508,,
384,10/9/17 13:45,75.508,,
385,10/9/17 14:00,75.508,,
386,10/9/17 14:15,75.508,,
387,10/9/17 14:30,75.508,,
388,10/9/17 14:45,75.551,,
389,10/9/17 15:00,75.551,,
390,10/9/17 15:15,75.551,,
391,10/9/17 15:30,75.594,,
392,10/9/17 15:45,75.594,,
393,10/9/17 16:00,75.594,,
394,10/9/17 16:15,75.594,,
395,10/9/17 16:30,75.594,,
396,10/9/17 16:45,75.594,,
397,10/9/17 17:00,75.594,,
398,10/9/17 17:15,75.637,,
399,10/9/17 17:30,75.637,,
400,10/9/17 17:45,75.637,,
401,10/9/17 18:00,75.637,,
402,10/9/17 18:15,75.637,,
403,10/9/17 18:30,75.637,,
404,10/9/17 18:45,75.637,,
405,10/9/17 19:00,75.637,,
406,10/9/17 19:15,75.681,,
407,10/9/17 19:30,75.681,,
408,10/9/17 19:45,75.681,,
409,10/9/17 20:00,75.681,,
410,10/9/17 20:15,75.681,,
411,10/9/17 20:30,75.681,,
412,10/9/17 20:45,75.681,,
413,10/9/17 21:00,75.898,,
414,10/9/17 21:15,76.028,,
415,10/9/17 21:30,76.071,,
416,10/9/17 21:45,76.419,,
417,10/9/17 22:00,76.507,,
418,10/9/17 22:15,76.071,,
419,10/9/17 22:30,75.81,,
420,10/9/17 22:45,75.594,,
421,10/9/17 23:00,75.463,,
422,10/9/17 23:15,75.29,,
423,10/9/17 23:30,75.204,,
424,10/9/17 23:45,75.117,,
425,10/10/17 0:00,75.029,,
426,10/10/17 0:15,74.943,,
427,10/10/17 0:30,74.856,,
428,10/10/17 0:45,74.727,,
429,10/10/17 1:00,74.511,,
430,10/10/17 1:15,74.338,,
431,10/10/17 1:30,74.163,,
432,10/10/17 1:45,74.034,,
433,10/10/17 2:00,73.99,,
434,10/10/17 2:15,73.861,,
435,10/10/17 2:30,73.774,,
436,10/10/17 2:45,73.688,,
437,10/10/17 3:00,73.645,,
438,10/10/17 3:15,73.602,,
439,10/10/17 3:30,73.515,,
440,10/10/17 3:45,73.429,,
441,10/10/17 4:00,73.342,,
442,10/10/17 4:15,73.299,,
443,10/10/17 4:30,73.256,,
444,10/10/17 4:45,73.17,,
445,10/10/17 5:00,73.083,,
446,10/10/17 5:15,72.997,,
447,10/10/17 5:30,72.997,,
448,10/10/17 5:45,72.912,,
449,10/10/17 6:00,72.869,,
450,10/10/17 6:15,72.826,,
451,10/10/17 6:30,72.826,,
452,10/10/17 6:45,72.739,,
453,10/10/17 7:00,72.696,,
454,10/10/17 7:15,72.696,,
455,10/10/17 7:30,72.653,,
456,10/10/17 7:45,72.567,,
457,10/10/17 8:00,72.48,,
458,10/10/17 8:15,72.48,,
459,10/10/17 8:30,72.48,,
460,10/10/17 8:45,72.394,,
461,10/10/17 9:00,72.394,,
462,10/10/17 9:15,72.437,,
463,10/10/17 9:30,72.48,,
464,10/10/17 9:45,72.48,,
465,10/10/17 10:00,72.437,,
466,10/10/17 10:15,72.48,,
467,10/10/17 10:30,72.48,,
468,10/10/17 10:45,72.437,,
469,10/10/17 11:00,72.48,,
470,10/10/17 11:15,72.351,,
471,10/10/17 11:30,72.394,,
472,10/10/17 11:45,72.394,,
473,10/10/17 12:00,72.394,,
474,10/10/17 12:15,72.394,,
475,10/10/17 12:30,72.394,,
476,10/10/17 12:45,72.394,,
477,10/10/17 13:00,72.394,,
478,10/10/17 13:15,72.351,,
479,10/10/17 13:30,72.307,,
480,10/10/17 13:45,72.351,,
481,10/10/17 14:00,72.394,,
482,10/10/17 14:15,72.523,,
483,10/10/17 14:30,72.567,,
484,10/10/17 14:45,72.567,,
485,10/10/17 15:00,72.696,,
486,10/10/17 15:15,72.826,,
487,10/10/17 15:30,72.955,,
488,10/10/17 15:45,73.04,,
489,10/10/17 16:00,73.083,,
490,10/10/17 16:15,73.04,,
491,10/10/17 16:30,72.955,,
492,10/10/17 16:45,72.869,,
493,10/10/17 17:00,72.869,,
494,10/10/17 17:15,72.783,,
495,10/10/17 17:30,72.696,,
496,10/10/17 17:45,72.696,,
497,10/10/17 18:00,72.783,,
498,10/10/17 18:15,73.04,,
499,10/10/17 18:30,73.299,,
500,10/10/17 18:45,74.077,,
501,10/10/17 19:00,74.597,,
502,10/10/17 19:15,74.986,,
503,10/10/17 19:30,75.333,,
504,10/10/17 19:45,75.551,,
505,10/10/17 20:00,75.724,,
506,10/10/17 20:15,75.853,,
507,10/10/17 20:30,75.942,,
508,10/10/17 20:45,76.028,,
509,10/10/17 21:00,76.114,,
510,10/10/17 21:15,76.114,,
511,10/10/17 21:30,76.114,,
512,10/10/17 21:45,76.114,,
513,10/10/17 22:00,76.114,,
514,10/10/17 22:15,76.071,,
515,10/10/17 22:30,75.985,,
516,10/10/17 22:45,75.898,,
517,10/10/17 23:00,75.853,,
518,10/10/17 23:15,75.81,,
519,10/10/17 23:30,75.81,,
520,10/10/17 23:45,75.724,,
521,10/11/17 0:00,75.637,,
522,10/11/17 0:15,75.551,,
523,10/11/17 0:30,75.508,,
524,10/11/17 0:45,75.42,,
525,10/11/17 1:00,75.376,,
526,10/11/17 1:15,75.29,,
527,10/11/17 1:30,75.204,,
528,10/11/17 1:45,75.117,,
529,10/11/17 2:00,75.029,,
530,10/11/17 2:15,74.943,,
531,10/11/17 2:30,74.856,,
532,10/11/17 2:45,74.813,,
533,10/11/17 3:00,74.727,,
534,10/11/17 3:15,74.683,,
535,10/11/17 3:30,74.64,,
536,10/11/17 3:45,74.554,,
537,10/11/17 4:00,74.511,,
538,10/11/17 4:15,74.467,,
539,10/11/17 4:30,74.424,,
540,10/11/17 4:45,74.338,,
541,10/11/17 5:00,74.338,,
542,10/11/17 5:15,74.25,,
543,10/11/17 5:30,74.467,,
544,10/11/17 5:45,73.818,,
545,10/11/17 6:00,73.299,,
546,10/11/17 6:15,72.997,,
547,10/11/17 6:30,72.826,,
548,10/11/17 6:45,72.739,,
549,10/11/17 7:00,72.61,,
550,10/11/17 7:15,72.523,,
551,10/11/17 7:30,72.437,,
552,10/11/17 7:45,72.351,,
553,10/11/17 8:00,72.307,,
554,10/11/17 8:15,72.307,,
555,10/11/17 8:30,72.264,,
556,10/11/17 8:45,72.221,,
557,10/11/17 9:00,72.221,,
558,10/11/17 9:15,72.221,,
559,10/11/17 9:30,72.178,,
560,10/11/17 9:45,72.264,,
561,10/11/17 10:00,72.264,,
562,10/11/17 10:15,72.307,,
563,10/11/17 10:30,72.264,,
564,10/11/17 10:45,72.264,,
565,10/11/17 11:00,72.221,,
566,10/11/17 11:15,72.178,,
567,10/11/17 11:30,72.178,,
568,10/11/17 11:45,72.136,,
569,10/11/17 12:00,72.136,,
570,10/11/17 12:15,72.955,,
571,10/11/17 12:30,73.299,,
572,10/11/17 12:45,73.386,,
573,10/11/17 13:00,73.515,,
574,10/11/17 13:15,73.515,,
575,10/11/17 13:30,73.558,,
576,10/11/17 13:45,73.558,,
577,10/11/17 14:00,73.645,,
578,10/11/17 14:15,73.731,,
579,10/11/17 14:30,73.774,,
580,10/11/17 14:45,73.818,,
581,10/11/17 15:00,73.818,,
582,10/11/17 15:15,73.818,,
583,10/11/17 15:30,73.818,,
584,10/11/17 15:45,73.818,,
585,10/11/17 16:00,73.774,,
586,10/11/17 16:15,73.731,,
587,10/11/17 16:30,73.731,,
588,10/11/17 16:45,73.731,,
589,10/11/17 17:00,73.731,,
590,10/11/17 17:15,73.688,,
591,10/11/17 17:30,73.645,,
592,10/11/17 17:45,73.558,,
593,10/11/17 18:00,73.602,,
594,10/11/17 18:15,73.645,,
595,10/11/17 18:30,73.731,,
596,10/11/17 18:45,73.731,,
597,10/11/17 19:00,73.731,,
598,10/11/17 19:15,73.731,,
599,10/11/17 19:30,73.731,,
600,10/11/17 19:45,73.731,,
601,10/11/17 20:00,73.731,,
602,10/11/17 20:15,73.731,,
603,10/11/17 20:30,73.688,,
604,10/11/17 20:45,73.731,,
605,10/11/17 21:00,73.688,,
606,10/11/17 21:15,73.688,,
607,10/11/17 21:30,73.688,,
608,10/11/17 21:45,73.688,,
609,10/11/17 22:00,73.645,,
610,10/11/17 22:15,73.645,,
611,10/11/17 22:30,73.602,,
612,10/11/17 22:45,73.602,,
613,10/11/17 23:00,73.558,,
614,10/11/17 23:15,73.515,,
615,10/11/17 23:30,73.472,,
616,10/11/17 23:45,73.472,,
617,10/12/17 0:00,73.472,,
618,10/12/17 0:15,73.429,,
619,10/12/17 0:30,73.386,,
620,10/12/17 0:45,73.342,,
621,10/12/17 1:00,73.342,,
622,10/12/17 1:15,73.342,,
623,10/12/17 1:30,73.299,,
624,10/12/17 1:45,73.256,,
625,10/12/17 2:00,73.256,,
626,10/12/17 2:15,73.213,,
627,10/12/17 2:30,73.17,,
628,10/12/17 2:45,73.17,,
629,10/12/17 3:00,73.126,,
630,10/12/17 3:15,73.126,,
631,10/12/17 3:30,73.083,,
632,10/12/17 3:45,73.083,,
633,10/12/17 4:00,73.04,,
634,10/12/17 4:15,73.04,,
635,10/12/17 4:30,72.997,,
636,10/12/17 4:45,72.997,,
637,10/12/17 5:00,72.955,,
638,10/12/17 5:15,72.955,,
639,10/12/17 5:30,72.912,,
640,10/12/17 5:45,72.912,,
641,10/12/17 6:00,73.256,,
642,10/12/17 6:15,72.653,,
643,10/12/17 6:30,72.221,,
644,10/12/17 6:45,72.05,,
645,10/12/17 7:00,71.92,,
646,10/12/17 7:15,71.834,,
647,10/12/17 7:30,71.704,,
648,10/12/17 7:45,71.661,,
649,10/12/17 8:00,71.577,,
650,10/12/17 8:15,71.533,,
651,10/12/17 8:30,71.49,,
652,10/12/17 8:45,71.361,,
653,10/12/17 9:00,71.317,,
654,10/12/17 9:15,71.361,,
655,10/12/17 9:30,71.361,,
656,10/12/17 9:45,71.317,,
657,10/12/17 10:00,71.404,,
658,10/12/17 10:15,71.49,,
659,10/12/17 10:30,71.49,,
660,10/12/17 10:45,71.447,,
661,10/12/17 11:00,71.49,,
662,10/12/17 11:15,71.404,,
663,10/12/17 11:30,71.361,,
664,10/12/17 11:45,71.361,,
665,10/12/17 12:00,71.317,,
666,10/12/17 12:15,71.317,,
667,10/12/17 12:30,71.274,,
668,10/12/17 12:45,71.231,,
669,10/12/17 13:00,71.231,,
670,10/12/17 13:15,71.146,,
671,10/12/17 13:30,71.146,,
672,10/12/17 13:45,71.103,,
673,10/12/17 14:00,71.146,,
674,10/12/17 14:15,71.146,,
675,10/12/17 14:30,71.231,,
676,10/12/17 14:45,71.317,,
677,10/12/17 15:00,71.361,,
678,10/12/17 15:15,71.447,,
679,10/12/17 15:30,71.49,,
680,10/12/17 15:45,71.533,,
681,10/12/17 16:00,71.533,,
682,10/12/17 16:15,71.49,,
683,10/12/17 16:30,71.404,,
684,10/12/17 16:45,71.49,,
685,10/12/17 17:00,71.533,,
686,10/12/17 17:15,71.533,,
687,10/12/17 17:30,71.533,,
688,10/12/17 17:45,71.533,,
689,10/12/17 18:00,71.533,,
690,10/12/17 18:15,71.533,,
691,10/12/17 18:30,71.533,,
692,10/12/17 18:45,71.533,,
693,10/12/17 19:00,71.49,,
694,10/12/17 19:15,71.533,,
695,10/12/17 19:30,71.49,,
696,10/12/17 19:45,71.447,,
697,10/12/17 20:00,71.49,,
698,10/12/17 20:15,71.404,,
699,10/12/17 20:30,71.404,,
700,10/12/17 20:45,71.361,,
701,10/12/17 21:00,71.361,,
702,10/12/17 21:15,71.317,,
703,10/12/17 21:30,71.317,,
704,10/12/17 21:45,71.274,,
705,10/12/17 22:00,71.274,,
706,10/12/17 22:15,71.231,,
707,10/12/17 22:30,71.231,,
708,10/12/17 22:45,71.19,,
709,10/12/17 23:00,71.19,,
710,10/12/17 23:15,71.19,,
711,10/12/17 23:30,71.19,,
712,10/12/17 23:45,71.146,,
713,10/13/17 0:00,71.146,,
714,10/13/17 0:15,71.146,,
715,10/13/17 0:30,71.146,,
716,10/13/17 0:45,71.103,,
717,10/13/17 1:00,71.103,,
718,10/13/17 1:15,71.103,,
719,10/13/17 1:30,71.06,,
720,10/13/17 1:45,71.06,,
721,10/13/17 2:00,71.017,,
722,10/13/17 2:15,71.017,,
723,10/13/17 2:30,71.017,,
724,10/13/17 2:45,71.017,,
725,10/13/17 3:00,70.974,,
726,10/13/17 3:15,70.93,,
727,10/13/17 3:30,70.887,,
728,10/13/17 3:45,70.846,,
729,10/13/17 4:00,70.846,,
730,10/13/17 4:15,70.803,,
731,10/13/17 4:30,70.759,,
732,10/13/17 4:45,70.759,,
733,10/13/17 5:00,70.716,,
734,10/13/17 5:15,70.673,,
735,10/13/17 5:30,70.673,,
736,10/13/17 5:45,71.62,,
737,10/13/17 6:00,71.62,,
738,10/13/17 6:15,71.146,,
739,10/13/17 6:30,70.887,,
740,10/13/17 6:45,70.803,,
741,10/13/17 7:00,70.716,,
742,10/13/17 7:15,70.63,,
743,10/13/17 7:30,70.587,,
744,10/13/17 7:45,70.502,,
745,10/13/17 8:00,70.459,,
746,10/13/17 8:15,70.459,,
747,10/13/17 8:30,70.459,,
748,10/13/17 8:45,70.416,,
749,10/13/17 9:00,70.416,,
750,10/13/17 9:15,70.502,,
751,10/13/17 9:30,70.459,,
752,10/13/17 9:45,70.502,,
753,10/13/17 10:00,70.502,,
754,10/13/17 10:15,70.543,,
755,10/13/17 10:30,70.587,,
756,10/13/17 10:45,70.587,,
757,10/13/17 11:00,70.587,,
758,10/13/17 11:15,70.587,,
759,10/13/17 11:30,70.543,,
760,10/13/17 11:45,70.587,,
761,10/13/17 12:00,70.587,,
762,10/13/17 12:15,70.502,,
763,10/13/17 12:30,70.587,,
764,10/13/17 12:45,70.93,,
765,10/13/17 13:00,71.361,,
766,10/13/17 13:15,71.577,,
767,10/13/17 13:30,71.661,,
768,10/13/17 13:45,71.748,,
769,10/13/17 14:00,71.834,,
770,10/13/17 14:15,71.877,,
771,10/13/17 14:30,72.007,,
772,10/13/17 14:45,72.136,,
773,10/13/17 15:00,72.221,,
774,10/13/17 15:15,72.307,,
775,10/13/17 15:30,72.394,,
776,10/13/17 15:45,72.567,,
777,10/13/17 16:00,72.61,,
778,10/13/17 16:15,72.653,,
779,10/13/17 16:30,72.61,,
780,10/13/17 16:45,72.61,,
781,10/13/17 17:00,72.61,,
782,10/13/17 17:15,72.394,,
783,10/13/17 17:30,72.264,,
784,10/13/17 17:45,72.136,,
785,10/13/17 18:00,71.964,,
786,10/13/17 18:15,71.877,,
787,10/13/17 18:30,71.748,,
788,10/13/17 18:45,71.661,,
789,10/13/17 19:00,71.577,,
790,10/13/17 19:15,71.533,,
791,10/13/17 19:30,71.49,,
792,10/13/17 19:45,71.447,,
793,10/13/17 20:00,71.404,,
794,10/13/17 20:15,71.361,,
795,10/13/17 20:30,71.361,,
796,10/13/17 20:45,71.317,,
797,10/13/17 21:00,71.317,,
798,10/13/17 21:15,71.274,,
799,10/13/17 21:30,71.274,,
800,10/13/17 21:45,71.274,,
801,10/13/17 22:00,71.274,,
802,10/13/17 22:15,71.231,,
803,10/13/17 22:30,71.231,,
804,10/13/17 22:45,71.231,,
805,10/13/17 23:00,71.19,,
806,10/13/17 23:15,71.19,,
807,10/13/17 23:30,71.19,,
808,10/13/17 23:45,71.19,,
809,10/14/17 0:00,71.19,,
810,10/14/17 0:15,71.146,,
811,10/14/17 0:30,71.146,,
812,10/14/17 0:45,71.146,,
813,10/14/17 1:00,71.103,,
814,10/14/17 1:15,71.103,,
815,10/14/17 1:30,71.103,,
816,10/14/17 1:45,71.103,,
817,10/14/17 2:00,71.103,,
818,10/14/17 2:15,71.103,,
819,10/14/17 2:30,71.06,,
820,10/14/17 2:45,71.06,,
821,10/14/17 3:00,71.103,,
822,10/14/17 3:15,71.103,,
823,10/14/17 3:30,71.06,,
824,10/14/17 3:45,71.06,,
825,10/14/17 4:00,71.06,,
826,10/14/17 4:15,71.103,,
827,10/14/17 4:30,71.103,,
828,10/14/17 4:45,71.103,,
829,10/14/17 5:00,71.06,,
830,10/14/17 5:15,71.06,,
831,10/14/17 5:30,71.06,,
832,10/14/17 5:45,71.06,,
833,10/14/17 6:00,71.06,,
834,10/14/17 6:15,71.06,,
835,10/14/17 6:30,71.06,,
836,10/14/17 6:45,71.06,,
837,10/14/17 7:00,71.06,,
838,10/14/17 7:15,71.06,,
839,10/14/17 7:30,71.06,,
840,10/14/17 7:45,71.06,,
841,10/14/17 8:00,71.06,,
842,10/14/17 8:15,71.017,,
843,10/14/17 8:30,71.017,,
844,10/14/17 8:45,71.017,,
845,10/14/17 9:00,71.017,,
846,10/14/17 9:15,71.017,,
847,10/14/17 9:30,70.974,,
848,10/14/17 9:45,70.974,,
849,10/14/17 10:00,70.974,,
850,10/14/17 10:15,70.974,,
851,10/14/17 10:30,70.974,,
852,10/14/17 10:45,70.93,,
853,10/14/17 11:00,70.93,,
854,10/14/17 11:15,70.93,,
855,10/14/17 11:30,70.93,,
856,10/14/17 11:45,70.93,,
857,10/14/17 12:00,70.93,,
858,10/14/17 12:15,70.93,,
859,10/14/17 12:30,70.93,,
860,10/14/17 12:45,70.93,,
861,10/14/17 13:00,70.93,,
862,10/14/17 13:15,70.93,,
863,10/14/17 13:30,70.93,,
864,10/14/17 13:45,70.93,,
865,10/14/17 14:00,70.974,,
866,10/14/17 14:15,70.974,,
867,10/14/17 14:30,70.974,,
868,10/14/17 14:45,71.017,,
869,10/14/17 15:00,71.06,,
870,10/14/17 15:15,71.06,,
871,10/14/17 15:30,71.103,,
872,10/14/17 15:45,71.103,,
873,10/14/17 16:00,71.146,,
874,10/14/17 16:15,71.146,,
875,10/14/17 16:30,71.19,,
876,10/14/17 16:45,71.19,,
877,10/14/17 17:00,71.19,,
878,10/14/17 17:15,71.231,,
879,10/14/17 17:30,71.231,,
880,10/14/17 17:45,71.274,,
881,10/14/17 18:00,71.317,,
882,10/14/17 18:15,71.404,,
883,10/14/17 18:30,71.447,,
884,10/14/17 18:45,71.49,,
885,10/14/17 19:00,71.49,,
886,10/14/17 19:15,71.533,,
887,10/14/17 19:30,71.62,,
888,10/14/17 19:45,71.62,,
889,10/14/17 20:00,71.661,,
890,10/14/17 20:15,71.704,,
891,10/14/17 20:30,71.748,,
892,10/14/17 20:45,71.748,,
893,10/14/17 21:00,71.834,,
894,10/14/17 21:15,71.834,,
895,10/14/17 21:30,71.834,,
896,10/14/17 21:45,71.877,,
897,10/14/17 22:00,71.92,,
898,10/14/17 22:15,71.92,,
899,10/14/17 22:30,71.964,,
900,10/14/17 22:45,71.964,,
901,10/14/17 23:00,72.007,,
902,10/14/17 23:15,72.007,,
903,10/14/17 23:30,72.007,,
904,10/14/17 23:45,72.05,,
905,10/15/17 0:00,72.05,,
906,10/15/17 0:15,72.05,,
907,10/15/17 0:30,72.093,,
908,10/15/17 0:45,72.093,,
909,10/15/17 1:00,72.093,,
910,10/15/17 1:15,72.136,,
911,10/15/17 1:30,72.136,,
912,10/15/17 1:45,72.136,,
913,10/15/17 2:00,72.136,,
914,10/15/17 2:15,72.136,,
915,10/15/17 2:30,72.178,,
916,10/15/17 2:45,72.178,,
917,10/15/17 3:00,72.178,,
918,10/15/17 3:15,72.178,,
919,10/15/17 3:30,72.178,,
920,10/15/17 3:45,72.221,,
921,10/15/17 4:00,72.221,,
922,10/15/17 4:15,72.221,,
923,10/15/17 4:30,72.221,,
924,10/15/17 4:45,72.221,,
925,10/15/17 5:00,72.221,,
926,10/15/17 5:15,72.221,,
927,10/15/17 5:30,72.221,,
928,10/15/17 5:45,72.221,,
929,10/15/17 6:00,72.264,,
930,10/15/17 6:15,72.221,,
931,10/15/17 6:30,72.264,,
932,10/15/17 6:45,72.264,,
933,10/15/17 7:00,72.221,,
934,10/15/17 7:15,72.264,,
935,10/15/17 7:30,72.221,,
936,10/15/17 7:45,72.264,,
937,10/15/17 8:00,72.221,,
938,10/15/17 8:15,72.264,,
939,10/15/17 8:30,72.264,,
940,10/15/17 8:45,72.264,,
941,10/15/17 9:00,72.264,,
942,10/15/17 9:15,72.264,,
943,10/15/17 9:30,72.307,,
944,10/15/17 9:45,72.307,,
945,10/15/17 10:00,72.307,,
946,10/15/17 10:15,72.307,,
947,10/15/17 10:30,72.307,,
948,10/15/17 10:45,72.307,,
949,10/15/17 11:00,72.307,,
950,10/15/17 11:15,72.307,,
951,10/15/17 11:30,72.307,,
952,10/15/17 11:45,72.264,,
953,10/15/17 12:00,72.307,,
954,10/15/17 12:15,72.264,,
955,10/15/17 12:30,72.264,,
956,10/15/17 12:45,72.264,,
957,10/15/17 13:00,72.264,,
958,10/15/17 13:15,72.221,,
959,10/15/17 13:30,72.221,,
960,10/15/17 13:45,72.178,,
961,10/15/17 14:00,72.178,,
962,10/15/17 14:15,72.178,,
963,10/15/17 14:30,72.178,,
964,10/15/17 14:45,72.178,,
965,10/15/17 15:00,72.178,,
966,10/15/17 15:15,72.221,,
967,10/15/17 15:30,72.264,,
968,10/15/17 15:45,72.307,,
969,10/15/17 16:00,72.307,,
970,10/15/17 16:15,72.351,,
971,10/15/17 16:30,72.394,,
972,10/15/17 16:45,72.437,,
973,10/15/17 17:00,72.48,,
974,10/15/17 17:15,72.48,,
975,10/15/17 17:30,72.523,,
976,10/15/17 17:45,72.567,,
977,10/15/17 18:00,72.61,,
978,10/15/17 18:15,72.653,,
979,10/15/17 18:30,72.653,,
980,10/15/17 18:45,72.696,,
981,10/15/17 19:00,72.739,,
982,10/15/17 19:15,72.739,,
983,10/15/17 19:30,72.826,,
984,10/15/17 19:45,72.826,,
985,10/15/17 20:00,72.869,,
986,10/15/17 20:15,72.869,,
987,10/15/17 20:30,72.869,,
988,10/15/17 20:45,72.912,,
989,10/15/17 21:00,72.955,,
990,10/15/17 21:15,72.955,,
991,10/15/17 21:30,72.955,,
992,10/15/17 21:45,72.955,,
993,10/15/17 22:00,72.997,,
994,10/15/17 22:15,72.997,,
995,10/15/17 22:30,72.997,,
996,10/15/17 22:45,73.04,,
997,10/15/17 23:00,73.04,,
998,10/15/17 23:15,73.04,,
999,10/15/17 23:30,73.04,,
1000,10/15/17 23:45,73.083,,
1001,10/16/17 0:00,73.083,,
1002,10/16/17 0:15,73.083,,
1003,10/16/17 0:30,73.083,,
1004,10/16/17 0:45,73.688,,
1005,10/16/17 1:00,74.077,,
1006,10/16/17 1:15,74.163,,
1007,10/16/17 1:30,74.206,,
1008,10/16/17 1:45,74.295,,
1009,10/16/17 2:00,74.295,,
1010,10/16/17 2:15,74.338,,
1011,10/16/17 2:30,74.295,,
1012,10/16/17 2:45,74.25,,
1013,10/16/17 3:00,74.206,,
1014,10/16/17 3:15,74.206,,
1015,10/16/17 3:30,74.12,,
1016,10/16/17 3:45,74.12,,
1017,10/16/17 4:00,74.077,,
1018,10/16/17 4:15,74.077,,
1019,10/16/17 4:30,74.034,,
1020,10/16/17 4:45,73.99,,
1021,10/16/17 5:00,73.774,,
1022,10/16/17 5:15,73.256,,
1023,10/16/17 5:30,72.869,,
1024,10/16/17 5:45,72.696,,
1025,10/16/17 6:00,72.567,,
1026,10/16/17 6:15,72.394,,
1027,10/16/17 6:30,72.264,,
1028,10/16/17 6:45,72.178,,
1029,10/16/17 7:00,72.136,,
1030,10/16/17 7:15,72.093,,
1031,10/16/17 7:30,72.05,,
1032,10/16/17 7:45,71.964,,
1033,10/16/17 8:00,71.877,,
1034,10/16/17 8:15,71.834,,
1035,10/16/17 8:30,71.791,,
1036,10/16/17 8:45,71.704,,
1037,10/16/17 9:00,71.661,,
1038,10/16/17 9:15,71.704,,
1039,10/16/17 9:30,71.661,,
1040,10/16/17 9:45,71.661,,
1041,10/16/17 10:00,71.661,,
1042,10/16/17 10:15,71.704,,
1043,10/16/17 10:30,71.661,,
1044,10/16/17 10:45,71.577,,
1045,10/16/17 11:00,71.577,,
1046,10/16/17 11:15,71.533,,
1047,10/16/17 11:30,71.447,,
1048,10/16/17 11:45,71.404,,
1049,10/16/17 12:00,71.317,,
1050,10/16/17 12:15,71.447,,
1051,10/16/17 12:30,71.577,,
1052,10/16/17 12:45,71.834,,
1053,10/16/17 13:00,72.221,,
1054,10/16/17 13:15,72.351,,
1055,10/16/17 13:30,72.437,,
1056,10/16/17 13:45,72.523,,
1057,10/16/17 14:00,72.523,,
1058,10/16/17 14:15,72.523,,
1059,10/16/17 14:30,72.653,,
1060,10/16/17 14:45,72.739,,
1061,10/16/17 15:00,72.826,,
1062,10/16/17 15:15,72.826,,
1063,10/16/17 15:30,72.869,,
1064,10/16/17 15:45,72.869,,
1065,10/16/17 16:00,72.826,,
1066,10/16/17 16:15,72.826,,
1067,10/16/17 16:30,72.739,,
1068,10/16/17 16:45,72.783,,
1069,10/16/17 17:00,72.739,,
1070,10/16/17 17:15,72.696,,
1071,10/16/17 17:30,72.61,,
1072,10/16/17 17:45,72.61,,
1073,10/16/17 18:00,72.567,,
1074,10/16/17 18:15,72.523,,
1075,10/16/17 18:30,72.48,,
1076,10/16/17 18:45,72.48,,
1077,10/16/17 19:00,72.437,,
1078,10/16/17 19:15,72.221,,
1079,10/16/17 19:30,72.093,,
1080,10/16/17 19:45,71.964,,
1081,10/16/17 20:00,71.834,,
1082,10/16/17 20:15,71.748,,
1083,10/16/17 20:30,71.661,,
1084,10/16/17 20:45,71.577,,
1085,10/16/17 21:00,71.533,,
1086,10/16/17 21:15,71.49,,
1087,10/16/17 21:30,71.447,,
1088,10/16/17 21:45,71.361,,
1089,10/16/17 22:00,71.317,,
1090,10/16/17 22:15,71.231,,
1091,10/16/17 22:30,71.103,,
1092,10/16/17 22:45,71.06,,
1093,10/16/17 23:00,70.974,,
1094,10/16/17 23:15,70.974,,
1095,10/16/17 23:30,70.887,,
1096,10/16/17 23:45,70.846,,
1097,10/17/17 0:00,70.846,,
1098,10/17/17 0:15,70.803,,
1099,10/17/17 0:30,70.846,,
1100,10/17/17 0:45,70.803,,
1101,10/17/17 1:00,70.716,,
1102,10/17/17 1:15,70.716,,
1103,10/17/17 1:30,70.673,,
1104,10/17/17 1:45,70.63,,
1105,10/17/17 2:00,70.587,,
1106,10/17/17 2:15,70.543,,
1107,10/17/17 2:30,70.543,,
1108,10/17/17 2:45,70.502,,
1109,10/17/17 3:00,70.459,,
1110,10/17/17 3:15,70.416,,
1111,10/17/17 3:30,70.372,,
1112,10/17/17 3:45,70.329,,
1113,10/17/17 4:00,70.329,,
1114,10/17/17 4:15,70.286,,
1115,10/17/17 4:30,70.243,,
1116,10/17/17 4:45,70.243,,
1117,10/17/17 5:00,70.201,,
1118,10/17/17 5:15,70.158,,
1119,10/17/17 5:30,70.115,,
1120,10/17/17 5:45,70.072,,
1121,10/17/17 6:00,70.072,,
1122,10/17/17 6:15,70.029,,
1123,10/17/17 6:30,69.985,,
1124,10/17/17 6:45,69.942,,
1125,10/17/17 7:00,69.901,,
1126,10/17/17 7:15,69.814,,
1127,10/17/17 7:30,69.771,,
1128,10/17/17 7:45,69.771,,
1129,10/17/17 8:00,69.728,,
1130,10/17/17 8:15,69.6,,
1131,10/17/17 8:30,69.427,,
1132,10/17/17 8:45,69.3,,
1133,10/17/17 9:00,69.213,,
1134,10/17/17 9:15,69.129,,
1135,10/17/17 9:30,69.042,,
1136,10/17/17 9:45,69.042,,
1137,10/17/17 10:00,68.999,,
1138,10/17/17 10:15,70.502,,
1139,10/17/17 10:30,70.974,,
1140,10/17/17 10:45,71.017,,
1141,10/17/17 11:00,71.06,,
1142,10/17/17 11:15,70.93,,
1143,10/17/17 11:30,70.974,,
1144,10/17/17 11:45,70.974,,
1145,10/17/17 12:00,70.974,,
1146,10/17/17 12:15,70.93,,
1147,10/17/17 12:30,70.93,,
1148,10/17/17 12:45,70.974,,
1149,10/17/17 13:00,70.93,,
1150,10/17/17 13:15,70.93,,
1151,10/17/17 13:30,70.93,,
1152,10/17/17 13:45,70.974,,
1153,10/17/17 14:00,71.017,,
1154,10/17/17 14:15,71.103,,
1155,10/17/17 14:30,71.231,,
1156,10/17/17 14:45,71.361,,
1157,10/17/17 15:00,71.49,,
1158,10/17/17 15:15,71.62,,
1159,10/17/17 15:30,71.704,,
1160,10/17/17 15:45,71.834,,
1161,10/17/17 16:00,71.877,,
1162,10/17/17 16:15,71.877,,
1163,10/17/17 16:30,71.791,,
1164,10/17/17 16:45,71.791,,
1165,10/17/17 17:00,71.661,,
1166,10/17/17 17:15,71.404,,
1167,10/17/17 17:30,71.146,,
1168,10/17/17 17:45,70.974,,
1169,10/17/17 18:00,70.803,,
1170,10/17/17 18:15,70.673,,
1171,10/17/17 18:30,70.587,,
1172,10/17/17 18:45,70.459,,
1173,10/17/17 19:00,70.372,,
1174,10/17/17 19:15,70.286,,
1175,10/17/17 19:30,70.243,,
1176,10/17/17 19:45,70.201,,
1177,10/17/17 20:00,70.158,,
1178,10/17/17 20:15,70.115,,
1179,10/17/17 20:30,70.072,,
1180,10/17/17 20:45,70.029,,
1181,10/17/17 21:00,69.985,,
1182,10/17/17 21:15,69.942,,
1183,10/17/17 21:30,69.901,,
1184,10/17/17 21:45,69.858,,
1185,10/17/17 22:00,69.858,,
1186,10/17/17 22:15,69.771,,
1187,10/17/17 22:30,69.771,,
1188,10/17/17 22:45,69.728,,
1189,10/17/17 23:00,70.158,,
1190,10/17/17 23:15,70.803,,
1191,10/17/17 23:30,70.803,,
1192,10/17/17 23:45,70.759,,
1193,10/18/17 0:00,70.716,,
1194,10/18/17 0:15,70.716,,
1195,10/18/17 0:30,70.673,,
1196,10/18/17 0:45,70.673,,
1197,10/18/17 1:00,70.587,,
1198,10/18/17 1:15,70.587,,
1199,10/18/17 1:30,70.543,,
1200,10/18/17 1:45,70.543,,
1201,10/18/17 2:00,70.502,,
1202,10/18/17 2:15,70.459,,
1203,10/18/17 2:30,70.459,,
1204,10/18/17 2:45,70.416,,
1205,10/18/17 3:00,70.416,,
1206,10/18/17 3:15,70.372,,
1207,10/18/17 3:30,70.329,,
1208,10/18/17 3:45,70.329,,
1209,10/18/17 4:00,70.329,,
1210,10/18/17 4:15,70.286,,
1211,10/18/17 4:30,70.286,,
1212,10/18/17 4:45,70.243,,
1213,10/18/17 5:00,70.243,,
1214,10/18/17 5:15,70.201,,
1215,10/18/17 5:30,70.201,,
1216,10/18/17 5:45,70.158,,
1217,10/18/17 6:00,70.158,,
1218,10/18/17 6:15,70.115,,
1219,10/18/17 6:30,70.115,,
1220,10/18/17 6:45,70.115,,
1221,10/18/17 7:00,70.115,,
1222,10/18/17 7:15,70.115,,
1223,10/18/17 7:30,70.072,,
1224,10/18/17 7:45,70.029,,
1225,10/18/17 8:00,70.029,,
1226,10/18/17 8:15,69.985,,
1227,10/18/17 8:30,69.985,,
1228,10/18/17 8:45,69.942,,
1229,10/18/17 9:00,69.942,,
1230,10/18/17 9:15,70.029,,
1231,10/18/17 9:30,70.115,,
1232,10/18/17 9:45,70.243,,
1233,10/18/17 10:00,70.286,,
1234,10/18/17 10:15,70.372,,
1235,10/18/17 10:30,70.459,,
1236,10/18/17 10:45,70.543,,
1237,10/18/17 11:00,70.587,,
1238,10/18/17 11:15,70.673,,
1239,10/18/17 11:30,70.716,,
1240,10/18/17 11:45,70.759,,
1241,10/18/17 11:48,,Logged,Logged